藍方勝,守衛放置數,守衛破壞數,首殺,擊殺數,死亡數,助攻數,菁英野怪數,小龍擊殺數,預示者擊殺數,推塔數,總經濟,平均等級,總經驗,總小兵擊殺,總野怪擊殺
0,13,-4,1,3,-3,3,0,0,0,0,643,-0.2,-8,-2,-19
0,0,0,-1,0,0,3,-2,-1,-1,-1,-2908,-0.2,-1173,-66,-9
0,0,-3,-1,-4,4,-10,1,1,0,0,-1172,-0.4,-1033,-17,18
0,28,-1,-1,-1,1,-5,1,0,1,0,-1321,0,-7,-34,8
0,58,2,-1,0,0,-1,-1,-1,0,0,-1004,0,230,-15,-10
1,-18,-5,-1,2,-2,4,1,1,0,0,698,0,101,4,-17
1,-39,2,1,1,-1,-2,1,1,0,0,2411,0.4,1563,61,18
0,1,2,-1,-8,8,-8,-1,-1,0,0,-2615,-0.2,-800,52,-6
0,1,1,-1,0,0,3,-2,-1,-1,0,-1979,0,-771,-51,8
1,-3,-1,1,-1,1,1,1,1,0,0,-1548,0,-1574,-27,-4
0,5,1,1,0,0,1,-1,-1,0,0,331,-0.6,-1585,15,-23
0,16,1,1,0,0,-2,1,0,1,0,-1505,0,-635,-31,-12
1,6,0,1,6,-6,10,1,1,0,0,3274,0.6,1659,-2,3
0,-6,0,-1,-5,5,-10,1,0,1,0,-3414,-0.6,-1141,-19,1
1,-87,2,1,0,0,1,0,0,0,0,-470,-0.2,-187,-18,3
0,-1,-2,-1,-4,4,-10,0,0,0,0,-1996,-0.4,-1804,-28,2
1,1,-1,1,8,-8,6,-1,-1,0,0,5228,0.8,3378,53,-8
0,26,-11,-1,-4,4,-3,1,0,1,0,-1975,0,-1345,-15,1
1,2,1,1,1,-1,8,-2,-1,-1,0,882,0.2,512,-15,-3
0,-4,2,-1,-4,4,-4,0,0,0,0,-3155,-0.4,-2773,-31,-8
1,2,1,1,5,-5,11,1,1,0,0,2526,0.2,1625,-11,-3
0,-2,-2,-1,-9,9,-9,-1,-1,0,0,-2835,-0.4,-2821,-6,-2
0,1,-1,-1,-2,2,-7,-1,-1,0,0,-1254,0,-567,7,-4
0,63,1,-1,1,-1,1,2,1,1,0,406,-0.2,1283,18,3
1,15,0,-1,-3,3,-3,0,0,0,0,-1020,0.2,493,11,9
0,-2,-1,-1,-4,4,-9,-1,-1,0,0,-2472,-0.8,-1067,-17,8
1,8,-2,-1,2,-2,6,1,1,0,0,1260,0.2,-55,-24,8
0,5,-1,1,3,-3,7,-1,-1,0,0,1857,0.4,2015,26,12
0,40,2,1,2,-2,2,1,1,0,0,1320,0,-413,-6,13
0,0,2,-1,-5,5,-10,1,1,0,0,-3282,-0.6,-1647,8,0
1,1,3,1,5,-5,8,1,1,0,0,2883,0.8,2111,1,4
1,2,2,1,3,-3,4,2,1,1,0,1703,0.4,1696,12,3
0,-7,1,-1,2,-2,3,-1,-1,0,0,608,0,-85,-3,-12
0,1,1,1,1,-1,0,-1,-1,0,0,71,0,-359,-21,7
1,25,1,-1,2,-2,-1,-1,-1,0,0,275,0.2,872,-19,-6
0,7,1,-1,-1,1,-1,-2,-1,-1,0,-809,0,638,17,2
0,-2,2,-1,-6,6,-3,1,1,0,0,-2771,-0.2,-1125,-17,20
0,-20,-2,1,-1,1,-2,0,-1,1,0,-1730,-0.2,-1236,-11,-19
0,-7,2,-1,-2,2,-4,0,-1,1,0,-904,0.2,1377,7,28
0,-18,-1,-1,-3,3,-3,0,-1,1,0,-1683,-0.4,-1363,-23,4
0,-13,3,-1,-7,7,-13,-1,-1,0,0,-3025,-0.4,-1833,9,9
1,20,-1,-1,4,-4,5,0,0,0,0,3004,0.4,2300,46,5
1,1,1,-1,3,-3,8,1,1,0,0,1574,0,761,10,-18
1,-7,1,1,0,0,-1,0,0,0,0,-1036,-0.4,-1423,12,-28
0,-21,0,1,-1,1,0,0,-1,1,0,16,0.4,433,9,11
0,29,-1,-1,-9,9,-6,-1,0,-1,-1,-6386,-0.8,-4210,-60,-24
1,-1,1,1,9,-9,7,0,0,0,0,5096,1.2,3310,55,-5
1,6,-4,1,4,-4,0,1,1,0,1,2756,0.2,1683,18,-3
1,3,-2,-1,-1,1,1,1,0,1,0,-977,-0.2,-1025,-38,-12
0,-22,-5,-1,0,0,2,0,0,0,0,-808,-0.4,-1655,-35,12
0,-8,-4,-1,-2,2,-8,-1,-1,0,0,-1559,-0.2,-407,3,-3
1,6,-1,-1,-2,2,-1,0,0,0,0,544,0,75,31,5
1,6,1,1,3,-3,1,2,1,1,0,1381,0,1017,5,-7
1,22,1,1,2,-2,0,-1,-1,0,0,2031,0.4,1449,38,-14
0,-6,2,-1,0,0,1,1,1,0,0,131,-0.2,370,19,-8
0,-14,0,-1,-6,6,-7,0,-1,1,0,-2699,-0.4,-2749,23,-1
0,3,0,1,-2,2,1,1,1,0,0,-1672,-0.6,-2698,-37,-13
1,1,-1,1,4,-4,6,1,1,0,0,1201,0.4,316,-21,-2
1,15,-1,1,2,-2,1,2,1,1,0,-108,0.2,59,-25,11
0,-8,-1,-1,3,-3,5,-1,-1,0,1,4633,0.6,2269,54,13
0,0,1,-1,-5,5,-4,-1,-1,0,0,-2262,-0.2,-1391,-27,14
0,7,1,-1,-1,1,-5,-1,-1,0,0,-49,0.2,500,1,25
1,-18,-1,1,2,-2,-1,0,1,-1,0,1687,0,1089,-3,-2
1,108,0,1,8,-8,9,2,1,1,0,3933,0.8,2922,-4,28
0,-4,2,-1,-6,6,-3,1,1,0,0,-4061,-0.8,-4397,-21,-31
0,37,1,-1,-6,6,-4,-1,0,-1,-1,-4920,-0.8,-3280,-52,-20
0,8,-2,-1,-1,1,1,0,0,0,0,-1705,-0.2,-1839,-17,-10
0,8,-1,1,-1,1,3,0,1,-1,0,105,-0.2,-1547,12,4
1,3,-1,-1,-2,2,-3,-1,-1,0,0,-554,0.2,521,-1,13
0,1,1,1,-1,1,-1,-1,-1,0,0,-1037,-0.2,-1577,-43,9
0,3,-3,1,1,-1,-4,0,-1,1,-1,-1144,0,480,3,17
1,24,-1,1,1,-1,3,-1,-1,0,0,1173,0.2,953,14,-31
0,5,-1,1,6,-6,9,-1,-1,0,0,3194,0.4,2534,24,-7
0,1,3,1,-5,5,-6,1,1,0,0,-2622,-0.2,-1136,12,2
1,0,1,1,2,-2,1,0,1,-1,0,1151,0.2,470,37,2
1,2,2,1,2,-2,0,2,1,1,0,1463,0.2,1490,31,0
0,-1,0,-1,-2,2,-4,-2,-1,-1,0,-1038,-0.2,-1307,-5,-14
1,4,-2,1,4,-4,2,1,0,1,0,1424,0.2,1060,32,-21
1,6,-3,-1,4,-4,13,1,1,0,0,527,0.4,721,16,-19
0,-35,1,-1,1,-1,3,-2,-1,-1,0,1807,0.4,932,44,-14
0,27,6,1,7,-7,6,0,-1,1,0,2856,0.2,1262,46,-29
0,-1,0,-1,0,0,7,0,1,-1,0,-964,-0.4,-2454,-37,0
0,-22,-5,-1,-1,1,0,0,-1,1,0,-178,0.2,524,21,4
1,2,3,-1,1,-1,-1,1,1,0,0,705,0,192,28,-3
1,1,-1,-1,0,0,-2,1,1,0,0,908,0,306,-2,11
1,-11,2,-1,5,-5,9,2,1,1,0,3558,0.4,3243,41,12
0,-41,5,-1,-5,5,-3,-1,-1,0,0,-1299,-0.2,-49,23,9
1,-3,2,-1,-3,3,1,1,1,0,0,-1763,-0.6,-1864,-47,8
1,3,-1,-1,6,-6,8,0,0,0,0,2547,0.8,2189,-15,23
0,-7,0,-1,-7,7,-11,0,1,-1,0,-3685,-0.8,-3119,10,-14
0,48,11,1,-4,4,-4,-1,-1,0,0,-3689,-0.8,-4682,-22,-34
0,-16,0,1,-2,2,-4,-2,-1,-1,0,-764,0.4,803,3,27
1,2,1,1,7,-7,3,-1,-1,0,0,3037,0.6,2694,10,10
1,-5,1,1,0,0,-4,-1,-1,0,1,3545,0.6,2162,112,26
0,-2,-2,-1,0,0,3,1,1,0,0,-1031,-0.2,-394,-46,-12
0,1,-1,-1,-5,5,-9,-1,-1,0,0,-1796,0,-749,-1,15
1,-1,4,1,1,-1,4,-1,-1,0,0,1626,-0.2,747,44,-14
1,28,0,-1,-2,2,-1,0,-1,1,0,832,0.2,1330,64,22
1,2,-2,-1,5,-5,2,2,1,1,0,2750,0.4,2647,39,0
0,5,-2,-1,-3,3,-7,1,0,1,0,-1524,-0.2,-827,41,-11
0,-4,2,1,-2,2,-7,1,1,0,0,-1370,-0.4,-875,14,17
0,-3,0,-1,-2,2,-3,-1,-1,0,0,-1506,-0.4,-412,-22,-1
0,-4,1,-1,-1,1,-3,-2,-1,-1,0,-1101,-0.4,-718,-13,12
0,3,0,-1,5,-5,5,0,-1,1,0,2774,0.6,2207,27,-3
0,11,-3,-1,-3,3,-4,-2,-1,-1,0,-1806,0,-588,7,-11
0,-4,0,-1,2,-2,4,0,1,-1,0,1265,0.2,1248,41,-8
1,1,0,-1,-8,8,-5,-1,-1,0,0,-4443,-1,-4140,-27,-20
0,3,-1,-1,-2,2,-6,-1,-1,0,0,-927,0.2,967,17,11
1,-2,1,1,4,-4,6,-2,-1,-1,0,1425,0.2,728,13,-8
1,0,3,-1,2,-2,4,1,1,0,0,1177,0.4,1161,7,-11
1,2,-3,1,-5,5,-12,0,1,-1,0,-1586,0.2,410,20,0
0,1,0,-1,-5,5,-3,2,1,1,0,-2896,-0.6,-2081,-4,-32
1,6,-2,-1,3,-3,1,0,0,0,0,905,0.2,1054,-38,8
0,-14,0,1,-8,8,-4,0,0,0,0,-3887,-0.8,-3392,-24,-11
1,16,0,1,6,-6,5,1,1,0,0,3413,0.6,2984,-8,8
0,-18,0,1,-2,2,-2,2,1,1,0,-256,-0.4,-1580,-2,-4
1,2,-2,1,-3,3,-4,0,0,0,0,-1820,-0.4,-1412,-4,-1
1,-88,0,1,2,-2,8,1,1,0,0,625,-0.2,-534,7,-9
0,-2,0,-1,-4,4,-3,-1,-1,0,0,-3628,-0.2,-2009,-70,0
0,14,2,1,0,0,1,0,-1,1,0,769,0.4,480,-16,13
0,0,2,-1,0,0,2,0,1,-1,0,-576,0,-682,31,-23
0,-28,14,-1,-6,6,-6,-1,-1,0,0,-3900,-1.2,-3550,-42,-11
1,-5,0,-1,1,-1,2,0,1,-1,0,-7,-0.2,-231,-17,-17
1,-1,3,1,3,-3,5,-1,-1,0,0,1683,0.2,1433,-24,-12
0,-1,-4,-1,-7,7,-9,-1,-1,0,0,-4782,-0.6,-3408,-52,-11
1,24,2,1,2,-2,2,1,1,0,0,636,0.2,-214,-10,-8
1,27,-3,-1,-7,7,-6,1,1,0,0,-3421,-1,-2624,-36,-12
1,-21,2,-1,2,-2,1,1,1,0,0,976,0.4,1599,10,19
0,23,-1,-1,-1,1,-1,-1,0,-1,0,-211,-0.4,-1305,1,6
1,-17,2,-1,2,-2,1,0,0,0,0,1221,0,462,18,4
1,-18,2,-1,6,-6,8,-1,-1,0,0,2037,0.6,1291,9,-44
1,-23,3,1,3,-3,8,1,1,0,0,817,0.2,-94,12,-22
1,3,1,1,0,0,3,-1,-1,0,0,-137,0,-351,-12,-24
1,20,-3,1,-3,3,-8,1,1,0,0,-1539,-0.8,-1497,21,-19
0,-49,2,-1,-2,2,-6,-1,-1,0,0,-1707,-0.6,-1286,-25,-3
1,-4,0,-1,-3,3,-11,1,1,0,0,-556,0.2,-235,85,-5
1,8,-2,1,2,-2,7,0,1,-1,0,-146,-0.2,-717,-26,-7
1,0,-1,1,8,-8,8,0,-1,1,0,4083,0.6,2884,36,-15
1,-21,-1,-1,0,0,-1,-1,-1,0,0,1389,0.4,1418,-3,15
0,12,2,-1,-1,1,-2,0,1,-1,0,-890,0,-528,3,11
0,-6,0,1,-5,5,-10,0,0,0,0,-2519,0,-1095,-2,-14
0,77,0,-1,-11,11,-10,0,0,0,0,-4440,-1.2,-4020,-18,-21
1,-2,2,1,1,-1,3,-2,-1,-1,0,1140,0,705,61,8
0,2,-1,1,-2,2,-1,0,0,0,0,-1656,-0.4,-1832,-47,-11
1,-14,1,-1,5,-5,10,-2,-1,-1,0,2171,-0.2,-261,-7,0
1,4,-1,1,8,-8,12,0,0,0,0,3841,0.4,2484,-10,4
1,-21,2,-1,-7,7,-10,0,-1,1,1,-885,-0.6,-2172,16,4
0,-1,-2,-1,-5,5,-5,2,1,1,0,-2752,-0.6,-2286,-50,8
1,0,-1,1,4,-4,11,0,0,0,0,2081,0,466,7,-13
0,-1,3,1,1,-1,1,0,0,0,0,453,-0.2,-19,23,2
0,-25,-2,1,2,-2,2,0,1,-1,0,830,-0.2,-1002,4,0
0,4,-2,-1,0,0,-3,0,0,0,0,94,-0.2,-445,35,0
0,57,1,-1,2,-2,6,2,1,1,0,-722,0.4,891,-54,17
0,-20,-4,-1,-1,1,-1,0,-1,1,0,-1491,-0.2,-799,8,-6
0,-3,0,-1,-8,8,-13,-2,-1,-1,0,-3109,-0.2,-1745,-3,22
0,-1,0,1,-4,4,-2,-1,-1,0,0,537,0,-477,52,5
1,-24,8,-1,8,-8,4,2,1,1,0,4079,1.2,5568,14,31
1,74,2,-1,5,-5,7,0,0,0,1,4006,0.6,2081,3,3
0,2,2,1,-7,7,-6,-2,-1,-1,0,-3582,-1.2,-5395,-46,-15
1,-3,1,-1,0,0,0,-1,-1,0,0,-355,0,233,-19,8
1,-23,10,1,1,-1,2,0,0,0,1,3464,0.2,994,29,24
1,4,1,1,4,-4,6,0,1,-1,0,2217,0.4,2183,-4,28
1,0,-2,1,5,-5,7,2,1,1,0,3049,0.2,1511,1,5
1,-12,0,-1,-1,1,-3,1,1,0,0,-305,0,-474,-1,4
0,39,0,-1,2,-2,5,0,1,-1,0,1325,0,479,11,-1
1,3,-2,1,0,0,1,-1,-1,0,0,-53,0,87,18,-8
0,19,-3,-1,-4,4,-2,-1,-1,0,0,-2865,-0.2,-1441,-41,8
0,-23,1,1,0,0,-3,-1,-1,0,0,-93,-0.2,-561,-2,2
0,4,2,1,-1,1,-3,-1,-1,0,0,-420,-0.6,-1185,13,-4
1,-38,0,1,4,-4,3,0,1,-1,0,5008,0.6,2355,74,19
0,0,-1,1,-2,2,-4,-2,-1,-1,0,-2074,-0.4,-1795,-8,-3
1,-6,2,-1,1,-1,0,1,0,1,0,-3,0.2,1013,-2,15
0,-6,-1,1,0,0,-2,-2,-1,-1,0,-837,0,-660,-36,0
1,1,-2,1,0,0,0,0,1,-1,0,510,-0.4,-747,13,-16
0,2,-1,-1,-5,5,-4,1,1,0,0,-3549,-0.6,-2407,-14,-17
1,-39,2,-1,0,0,-1,-1,-1,0,0,272,0.4,359,41,-12
1,-27,-1,1,4,-4,4,0,0,0,0,2187,0.2,2189,24,-1
0,1,-1,-1,-6,6,-7,-1,0,-1,-1,-4907,-0.8,-2556,-20,-7
1,-2,2,1,1,-1,-2,1,1,0,0,63,0.4,648,28,0
1,2,-2,-1,-4,4,-7,0,-1,1,0,-2132,0,-484,-8,21
0,-3,2,-1,-1,1,-3,0,-1,1,0,-976,-0.6,-964,-11,2
0,50,-2,1,-2,2,-3,-1,-1,0,0,-1342,-0.6,-1966,-32,8
1,2,-2,1,6,-6,3,1,1,0,0,2304,1,2532,21,-4
1,-68,3,-1,8,-8,10,-1,-1,0,0,4219,0.6,3379,-1,14
0,-24,1,1,-1,1,-2,0,0,0,0,-2049,-0.4,-2340,-63,-1
0,-4,0,-1,-4,4,-2,-1,-1,0,0,-4179,-0.8,-3823,-49,-19
0,-2,2,-1,0,0,6,-1,-1,0,0,-66,0.2,-1073,24,-16
1,2,2,-1,2,-2,9,2,1,1,0,510,0,142,-37,4
0,0,1,1,1,-1,1,0,-1,1,0,2591,0.4,1567,55,18
0,1,0,1,-8,8,-15,-1,-1,0,-1,-3772,-1,-3034,21,-7
0,8,-1,1,0,0,4,1,1,0,0,965,-0.2,-878,7,-8
0,-3,-1,-1,-4,4,-6,-2,-1,-1,0,-3468,-0.8,-2158,-36,-36
1,12,1,1,11,-11,11,0,0,0,0,6153,1,3916,16,9
0,-41,-2,-1,-5,5,-8,-1,-1,0,0,-2216,-0.6,-2730,4,0
0,-2,-2,-1,-5,5,-10,1,1,0,0,-2308,-0.6,-1767,-15,11
1,3,2,1,0,0,2,0,-1,1,0,1917,-0.4,-179,16,3
0,1,0,-1,-3,3,-2,-1,-1,0,0,-1676,-0.4,-1759,24,-32
1,5,1,1,5,-5,1,1,1,0,0,2709,0.4,1259,28,-12
0,-23,-1,-1,-2,2,-7,-1,-1,0,0,-1304,-0.2,-552,6,-10
1,28,3,1,3,-3,5,1,1,0,0,1824,0.2,1409,7,-1
0,0,2,-1,3,-3,6,-2,-1,-1,0,229,-0.2,-45,-38,-6
1,-14,0,-1,0,0,3,1,0,1,0,1507,0.2,1667,38,1
0,-5,0,-1,-4,4,-1,1,1,0,0,-1787,0,-1135,-4,4
0,-1,0,-1,1,-1,-1,0,0,0,0,815,0.4,1397,52,-3
0,-2,1,-1,-9,9,-3,1,1,0,0,-4767,-1.2,-5061,-71,4
0,-2,-1,-1,-2,2,-4,-1,-1,0,0,-1861,-0.4,-2532,-41,-21
0,53,-4,-1,-13,13,-17,1,1,0,-1,-7655,-1.2,-4485,-60,24
1,8,-5,-1,-5,5,-8,0,0,0,0,-2058,-0.4,-2051,-12,2
1,-2,2,-1,0,0,4,1,1,0,0,-575,-0.2,-208,-12,-12
0,-3,2,1,2,-2,1,1,0,1,0,1765,0.4,701,33,3
0,-2,3,1,0,0,0,0,-1,1,0,540,0,269,35,-14
1,-1,-1,-1,3,-3,4,-1,-1,0,0,862,-0.2,-442,-18,0
1,20,2,1,4,-4,8,1,1,0,0,2761,0,1659,20,4
0,-70,-2,-1,-5,5,-2,-1,-1,0,0,-1249,-0.4,-853,13,17
1,18,-2,-1,0,0,-2,-1,-1,0,0,-75,0,655,27,8
1,1,2,1,9,-9,6,1,1,0,0,5805,1,4777,52,20
0,9,-1,-1,-2,2,-8,0,-1,1,0,-810,0,-305,-14,7
0,107,-1,1,1,-1,4,1,0,1,0,1034,0.2,706,-2,4
1,1,-7,1,-4,4,-4,-1,0,-1,0,-2595,-0.8,-2856,-29,-1
1,6,4,-1,-1,1,2,-1,-1,0,0,-334,0.2,-73,5,7
1,-2,3,1,7,-7,4,2,1,1,1,3806,0.4,2161,2,0
0,21,1,-1,-5,5,-5,0,0,0,0,-2711,-0.4,-2547,-10,-21
1,7,0,1,4,-4,1,0,0,0,0,2551,0.2,1754,47,2
0,13,9,1,3,-3,6,1,1,0,0,66,-0.2,-446,-41,-12
0,-20,2,-1,5,-5,10,1,1,0,0,2242,0.4,727,-12,5
0,0,-2,-1,-3,3,-6,1,0,1,0,-893,0,-213,21,7
0,16,0,-1,-3,3,-6,-1,-1,0,0,-1208,0,-152,-18,13
1,-4,2,-1,8,-8,6,-1,-1,0,0,4003,0.4,2566,40,0
1,4,-2,-1,2,-2,-2,1,1,0,0,819,0.4,2149,34,-9
1,60,4,1,6,-6,9,-1,0,-1,0,4009,0.4,1935,47,3
0,0,-2,-1,-1,1,-1,1,1,0,0,-259,-0.4,-1001,-26,-6
0,11,0,1,3,-3,6,0,0,0,0,1728,-0.2,-738,32,-16
0,0,3,-1,0,0,-3,0,-1,1,0,474,0.4,393,34,12
0,2,0,1,6,-6,3,0,0,0,0,1863,0,328,-2,-17
0,23,-1,-1,-6,6,-6,-1,-1,0,0,-3846,-0.4,-2306,-53,-4
0,-4,0,-1,-2,2,-4,-1,-1,0,0,-2373,-0.2,-1592,-23,-29
1,1,-3,-1,1,-1,5,1,1,0,0,218,-0.2,-204,-5,-6
1,11,1,1,2,-2,2,0,0,0,0,2208,0.6,1929,20,19
0,27,-2,-1,-2,2,-7,1,1,0,0,-1440,0,-373,-24,12
0,13,-3,-1,-2,2,6,1,1,0,0,-845,-0.4,-1743,-24,-32
0,4,-3,-1,-4,4,-7,-1,-1,0,0,-2635,-0.6,-2694,-68,4
1,17,1,-1,5,-5,7,2,1,1,0,2817,0.6,2414,17,-5
1,-3,1,-1,4,-4,1,2,1,1,0,2812,0.2,2497,-3,15
0,-7,-1,-1,-5,5,-8,-1,-1,0,0,-3864,-0.6,-2759,-45,-4
1,-2,0,-1,-1,1,1,1,1,0,0,334,0.4,955,3,16
1,-4,2,1,1,-1,-3,1,1,0,0,1909,0.6,2436,50,4
0,-19,0,1,0,0,-1,0,0,0,0,-346,-0.2,-358,27,-23
1,11,-2,1,10,-10,9,-1,-1,0,0,5802,1.4,5396,63,23
1,2,-1,1,2,-2,1,1,1,0,0,1085,0.4,1048,8,-1
0,20,1,1,-7,7,-5,1,1,0,0,-2383,-0.6,-1807,15,-3
1,15,3,-1,-1,1,-1,1,0,1,0,306,0.4,1895,6,12
0,0,-3,1,-2,2,-1,-1,-1,0,0,-1568,-0.4,-1850,-6,-20
1,-22,1,-1,-2,2,-10,0,1,-1,0,-1419,-0.2,-1156,7,4
1,9,4,1,4,-4,3,0,-1,1,0,2263,0.4,1634,9,-8
1,0,0,1,4,-4,7,-1,-1,0,0,1374,0.4,1225,13,-8
1,-48,3,-1,10,-10,17,1,1,0,0,4301,0.8,3444,15,-4
1,-2,-3,1,5,-5,3,0,0,0,0,3905,0.8,3713,39,2
1,-1,0,-1,-5,5,-5,-1,-1,0,0,-2919,-0.4,-2318,-13,-9
1,7,-5,1,6,-6,8,1,1,0,0,2923,0.6,2787,23,11
0,4,-2,-1,-3,3,-6,-2,-1,-1,0,-1059,-0.2,-951,-4,6
0,-2,-1,-1,-2,2,-4,0,-1,1,0,-406,0,-14,35,-4
1,5,1,-1,4,-4,5,1,1,0,0,1143,0,1251,22,-16
1,42,1,-1,2,-2,4,-1,-1,0,0,736,-0.2,266,20,12
0,-2,-1,1,-9,9,-9,-1,-1,0,0,-4816,-0.6,-3750,-63,20
1,-18,-1,-1,5,-5,1,2,1,1,0,3977,1.2,3949,28,25
1,-2,3,-1,4,-4,6,-1,-1,0,0,3026,0.6,3357,43,0
0,6,1,-1,-8,8,-14,1,1,0,0,-4262,-0.4,-2426,-34,11
0,3,-1,1,3,-3,4,0,-1,1,1,2476,0,772,-21,-7
0,-24,0,-1,-6,6,-7,-2,-1,-1,0,-3545,-0.8,-3206,-7,-14
0,-14,0,-1,-5,5,-8,0,-1,1,0,-4324,-0.6,-2979,-40,-6
1,2,1,-1,-1,1,1,1,1,0,0,-496,-0.2,-837,5,17
0,1,1,-1,-2,2,-1,-1,-1,0,0,-1620,-0.4,-1442,15,-24
1,4,-1,1,-4,4,-4,-1,-1,0,0,-1334,-0.4,-1607,3,4
0,21,-5,1,1,-1,-5,0,0,0,0,-796,0.2,-217,-21,-12
1,22,-15,1,4,-4,0,1,1,0,0,1398,0.6,1804,5,-16
1,-1,2,1,2,-2,1,0,0,0,0,3005,0.6,1938,32,31
0,0,0,1,-5,5,-4,0,0,0,0,-3156,-0.4,-3287,-16,-14
1,5,-4,-1,-2,2,-4,2,1,1,0,-473,0.4,383,22,9
0,-8,2,-1,-5,5,-8,-1,0,-1,0,-3397,-0.6,-2282,-29,-13
0,27,-1,-1,-3,3,-7,-1,-1,0,0,-1937,-0.2,-1514,18,-31
1,22,4,1,6,-6,7,0,0,0,0,3765,0.4,2661,25,1
0,-3,-1,1,3,-3,2,0,1,-1,0,384,0,-690,-26,4
1,0,-3,1,6,-6,8,1,1,0,0,2708,0,682,-7,-7
0,-1,4,1,-4,4,-4,0,0,0,0,-2427,-0.2,-1462,-15,-10
1,-30,1,1,3,-3,5,1,1,0,0,1901,0.4,684,34,-23
1,22,-1,-1,5,-5,7,0,1,-1,0,2480,0.4,1699,14,20
0,2,-4,-1,-9,9,-13,0,-1,1,0,-3581,-0.4,-2467,-29,21
1,20,1,1,5,-5,9,2,1,1,0,2911,0.4,1378,-12,3
0,0,-1,-1,-3,3,-2,0,-1,1,0,-1245,-0.2,-1370,-17,-3
0,1,2,-1,2,-2,2,0,1,-1,0,166,-0.2,-497,3,-3
0,-5,5,-1,-5,5,-4,0,0,0,-1,-6309,-0.8,-3115,-101,8
0,-125,0,-1,-6,6,-1,-1,-1,0,0,-2047,-0.8,-2555,6,-17
0,-4,1,1,-1,1,2,-1,-1,0,0,-1464,-0.2,-1509,-25,-7
1,-26,1,1,2,-2,0,2,1,1,0,874,-0.2,-302,2,0
0,-27,2,1,-3,3,-6,1,1,0,0,-627,0,183,7,19
0,4,0,-1,0,0,1,0,0,0,0,-334,0,-292,-24,8
0,3,-1,1,-1,1,-8,1,1,0,0,449,0.2,1210,63,4
0,-7,2,-1,-3,3,-8,0,0,0,0,-780,0,-73,9,17
0,2,2,-1,-2,2,-3,1,0,1,0,-205,0.4,1064,17,33
0,0,4,-1,-1,1,0,0,0,0,0,-1731,-0.2,-1585,-42,4
0,-13,-1,-1,1,-1,-2,1,1,0,0,947,-0.2,-188,25,5
0,-2,0,1,-1,1,5,-1,-1,0,0,-713,0,-1111,8,-13
1,2,-1,1,-1,1,-1,1,1,0,0,1171,-0.4,-1140,16,10
0,-6,-1,1,-2,2,-1,-1,-1,0,0,-459,-0.4,-307,-5,12
1,8,1,1,6,-6,8,-1,-1,0,0,2673,0.6,1388,-7,-20
1,3,1,1,2,-2,7,1,1,0,0,-251,-0.4,-1675,-14,-12
0,14,-2,1,3,-3,3,-2,-1,-1,0,534,0.4,634,-32,-9
0,0,-2,-1,-6,6,-5,1,1,0,0,-4005,-0.8,-2248,-60,13
1,-2,-1,1,-2,2,-4,2,1,1,0,-318,0.2,86,23,20
0,-3,2,1,3,-3,2,0,-1,1,0,2682,0.6,2118,38,9
0,2,3,1,1,-1,3,1,1,0,0,2092,0.6,1763,53,-1
1,2,-2,-1,3,-3,3,0,0,0,0,2300,0.2,2148,41,9
1,-1,-1,1,3,-3,-1,1,1,0,0,2642,0.4,1346,53,-10
1,2,2,1,1,-1,4,-1,-1,0,0,2833,-0.2,220,64,-21
0,0,3,1,0,0,0,-1,-1,0,0,-336,-0.4,-1059,0,-31
0,1,-1,-1,-7,7,-5,1,1,0,-1,-5136,-1,-3713,-75,9
1,1,0,-1,6,-6,0,0,0,0,0,1872,0.8,3579,23,4
0,1,0,-1,-2,2,-4,0,1,-1,-1,-1048,0,-450,-19,16
1,-26,0,-1,-1,1,-7,1,1,0,0,-88,0,-932,20,-2
1,-3,0,-1,-5,5,-1,0,0,0,0,-1427,-0.2,-1008,-19,28
1,3,-3,-1,-3,3,-9,1,0,1,0,-2440,0,-1603,-39,-3
0,9,-1,1,-4,4,-8,-1,-1,0,0,-1614,-0.6,-2256,14,-17
1,-4,3,-1,-3,3,-4,1,1,0,0,-1075,0,73,21,9
1,39,-1,1,-1,1,-8,2,1,1,0,-1799,0,-1304,-6,-4
1,4,3,1,9,-9,8,1,1,0,0,3296,1,3231,0,1
1,-5,1,-1,-3,3,-2,-1,-1,0,0,-1942,0.2,57,-35,20
1,1,2,1,4,-4,7,1,1,0,0,2013,0.2,247,17,-29
1,-8,4,1,4,-4,4,2,1,1,0,3574,0.2,1210,55,7
1,-15,2,1,10,-10,4,0,1,-1,0,6000,1,5033,104,-20
0,7,-3,-1,-4,4,-7,-1,0,-1,0,-3128,-0.6,-2320,-39,-10
1,-3,2,-1,0,0,-1,2,1,1,0,1229,0.2,1059,54,0
0,4,1,1,-5,5,-3,0,-1,1,0,1285,0.4,1300,96,7
0,26,-13,-1,-5,5,-2,-1,-1,0,0,-3274,-0.4,-1385,-62,12
0,-1,2,-1,-3,3,-8,-1,-1,0,0,-1770,0.2,325,21,1
1,35,-2,1,5,-5,10,1,1,0,0,1892,0.2,890,-39,3
0,0,3,1,1,-1,2,0,0,0,0,525,0.2,902,7,0
0,-4,4,1,-1,1,0,1,1,0,0,-415,-0.4,-498,8,-4
1,-5,1,-1,-4,4,-3,-1,-1,0,0,-1751,-0.2,-1585,5,-8
1,-5,0,1,8,-8,4,0,-1,1,1,4453,0,2458,5,10
0,-12,-2,1,5,-5,8,1,1,0,0,1393,0.2,441,-25,4
1,1,0,-1,1,-1,-6,2,1,1,0,534,0,154,56,-23
0,3,1,1,-9,9,-16,-1,-1,0,0,-3301,-0.6,-2246,23,1
1,3,-2,-1,-3,3,-3,2,1,1,0,-2022,-0.4,-2023,-52,20
0,-37,-1,-1,-3,3,-3,-1,-1,0,0,176,0.2,-172,50,-9
0,-1,3,-1,-3,3,-1,0,-1,1,0,-458,0,-559,-5,0
0,-34,9,1,2,-2,6,-1,-1,0,0,676,-0.4,-576,-34,7
1,4,3,-1,2,-2,5,0,1,-1,0,2536,0.8,3339,8,36
1,13,3,-1,-4,4,1,-1,0,-1,0,-1751,-0.6,-2784,-11,-14
1,1,-2,-1,-3,3,-1,-2,-1,-1,0,-1516,0,-1467,-3,-2
0,-1,0,1,-4,4,0,0,0,0,0,-2566,-0.4,-2246,-66,1
0,69,1,1,-4,4,1,-1,-1,0,0,-2023,-0.4,-2678,-25,-13
0,-2,-1,-1,-1,1,-4,1,0,1,0,-276,0,179,33,3
1,6,3,1,3,-3,2,2,1,1,0,1574,0.4,1834,11,17
1,7,0,-1,3,-3,9,-1,-1,0,0,2378,0.4,2190,26,-2
0,4,1,1,-5,5,-6,-2,-1,-1,0,-3223,-0.4,-2518,-40,-20
0,-22,-2,-1,0,0,-1,-1,-1,0,0,808,0,1415,24,7
1,23,0,1,6,-6,2,0,0,0,0,3803,0.6,2825,37,-6
0,-2,2,-1,-6,6,-4,-1,-1,0,0,-3360,-0.4,-1842,-34,-8
1,-5,1,-1,4,-4,8,-1,0,-1,0,2397,0.4,1405,-5,20
0,4,-5,1,-3,3,-2,0,0,0,0,-883,-0.4,-1828,30,8
0,-26,-1,1,-3,3,-4,-2,-1,-1,0,-2638,-0.4,-2478,-2,-24
1,1,3,1,11,-11,11,0,0,0,0,5035,1.2,5420,-5,16
0,3,0,1,-3,3,-2,-2,-1,-1,0,-1003,0,-899,17,1
0,0,-1,1,-3,3,-6,-1,-1,0,0,-1963,-0.4,-1151,2,4
0,20,-1,-1,-1,1,-1,-1,-1,0,0,-1071,-0.2,-1471,-27,11
1,2,0,1,1,-1,2,0,0,0,0,897,0,1090,-10,21
1,-2,3,1,3,-3,2,2,1,1,0,1946,0,1292,15,10
0,5,-2,-1,0,0,-1,0,-1,1,0,-219,-0.4,-1440,10,-4
1,3,5,1,2,-2,0,0,0,0,0,1588,0,1331,26,-10
0,0,0,-1,-4,4,-3,-1,-1,0,0,-1889,0,-723,5,-7
1,2,1,-1,-2,2,-2,1,1,0,0,-720,0,432,-28,36
0,-3,0,1,-9,9,-6,-2,-1,-1,0,-2388,-0.6,-1978,15,12
0,0,-2,-1,-10,10,-9,-1,-1,0,0,-5668,-1,-4786,-51,2
1,2,-1,-1,-1,1,-3,1,1,0,0,527,0.2,1493,62,10
1,-36,-2,1,2,-2,-1,0,-1,1,0,1496,0,-730,41,-2
0,-2,3,-1,-6,6,-8,-2,-1,-1,0,-4245,-0.6,-3073,-51,-8
0,-1,5,1,5,-5,9,0,1,-1,0,3386,0.8,2410,-22,-14
0,2,0,-1,-5,5,-9,-1,-1,0,0,-3145,-0.6,-2166,-35,-5
0,-1,-1,-1,-4,4,-8,1,1,0,0,-1325,0,-15,-12,26
1,0,4,-1,-3,3,-2,2,1,1,0,-1623,0,-1144,-12,8
1,-1,-4,-1,0,0,3,1,1,0,0,1076,0.2,759,-2,15
1,3,-2,-1,-3,3,3,1,1,0,0,-1156,0,-667,-38,-6
0,4,0,-1,0,0,-3,1,0,1,0,450,0,-9,8,8
1,-1,0,1,2,-2,0,1,0,1,2,4363,1.2,4467,82,19
1,0,1,1,5,-5,7,1,1,0,0,2262,0.6,2885,-8,18
0,5,-1,1,-3,3,-2,0,0,0,0,-367,-0.4,187,7,3
1,-2,5,-1,3,-3,5,-1,-1,0,0,1214,0.4,2080,4,-27
1,-2,-1,1,3,-3,6,1,1,0,0,1728,0,-337,-6,1
1,10,-2,1,1,-1,-1,-1,-1,0,0,959,0,917,5,20
1,62,-2,1,0,0,1,0,-1,1,0,924,0.2,323,21,10
1,2,0,1,10,-10,11,1,1,0,0,4544,0.6,3126,45,-15
0,-19,0,-1,-7,7,-8,2,1,1,-1,-4847,-0.8,-2983,-8,-4
1,61,1,1,6,-6,15,0,1,-1,0,1849,0.6,669,-4,-10
1,-27,2,-1,-4,4,-2,0,0,0,0,-3891,-0.8,-2689,-66,-7
0,-6,3,1,-3,3,-1,-1,-1,0,0,-1314,-0.4,-1942,-1,-17
1,-29,-2,1,4,-4,9,0,0,0,0,2718,0.4,91,7,0
0,1,4,-1,-5,5,-9,-2,-1,-1,0,-2174,-0.2,-1268,-10,-12
1,-31,10,1,3,-3,1,1,1,0,0,1093,0.2,720,13,-8
1,-37,1,-1,1,-1,-5,0,0,0,0,-215,-0.2,-438,-18,10
1,-35,-1,1,1,-1,4,0,-1,1,0,635,-0.4,-1157,-2,-21
1,4,2,-1,0,0,0,-1,0,-1,-1,120,0.6,1209,11,7
1,6,2,-1,1,-1,-1,1,1,0,0,194,0.4,661,-11,24
1,-2,2,1,7,-7,20,1,1,0,0,3581,0.4,1578,25,-1
0,-131,0,-1,-7,7,-3,0,0,0,0,-3622,-0.4,-2561,-32,-1
1,29,-2,1,0,0,-2,0,1,-1,0,-303,0,312,0,-8
0,-4,0,-1,1,-1,-3,1,1,0,0,-1295,0,-305,-51,4
0,24,1,-1,-4,4,-3,-2,-1,-1,0,-3006,-0.2,-1880,-45,0
1,22,3,1,1,-1,3,0,-1,1,0,1090,0.2,371,17,4
1,-2,2,-1,1,-1,-1,1,1,0,0,324,0.6,1794,-11,35
1,-5,-3,1,-4,4,-4,-1,-1,0,0,-2025,-0.6,-2448,-18,-17
0,24,-2,1,-1,1,-3,-1,-1,0,0,-416,-0.4,-907,2,-8
0,-28,14,1,0,0,-3,0,-1,1,0,62,0.4,1154,30,-15
0,-20,-2,1,-2,2,-9,-1,-1,0,0,-67,-0.6,-1341,21,20
1,5,3,-1,7,-7,9,1,1,0,0,5163,0.8,3968,52,1
1,2,4,1,6,-6,12,1,1,0,0,2728,0.2,1957,2,-3
0,-27,10,-1,-6,6,-6,1,1,0,0,-3559,-0.4,-1400,-52,9
1,22,-4,1,2,-2,2,2,1,1,0,184,-0.2,-131,-16,-8
0,4,-2,1,-3,3,-2,1,1,0,0,-2040,-0.6,-1012,-18,-14
1,-39,0,1,5,-5,6,1,1,0,0,2151,0.2,726,-14,5
0,18,2,-1,-2,2,1,0,0,0,0,-2452,-0.4,-1634,-61,4
1,23,-1,1,3,-3,4,2,1,1,0,3255,0.4,2259,31,12
1,19,-1,1,6,-6,4,-1,-1,0,0,1128,0,858,4,-30
1,9,0,1,1,-1,4,1,0,1,1,1909,0.4,979,5,19
1,3,0,-1,4,-4,1,0,0,0,0,3397,0.2,1493,37,-6
0,4,-1,-1,-4,4,-11,-1,-1,0,0,-3563,-0.2,-1320,-16,-20
0,-2,1,1,-2,2,-9,1,1,0,0,-361,0.4,1686,17,3
1,-21,0,-1,1,-1,-1,1,0,1,0,-513,0,992,-23,3
1,0,4,-1,7,-7,6,0,0,0,0,4872,1,3076,36,14
0,18,1,-1,-1,1,-2,1,0,1,0,985,0.8,2102,19,11
1,-5,1,1,-4,4,-6,0,1,-1,0,-1599,-0.2,-1870,2,-1
1,0,1,-1,7,-7,10,1,1,0,0,1719,0.4,1703,-26,1
0,-1,0,-1,-5,5,-5,-1,0,-1,0,-2641,-0.4,-2207,-35,12
0,-4,4,1,-6,6,-9,-2,-1,-1,0,-2846,-0.6,-2325,-28,-6
0,-15,-1,-1,-7,7,-11,-1,-1,0,0,-3891,-0.8,-2276,-12,-22
1,3,-1,-1,9,-9,6,1,1,0,0,6202,1,5368,59,20
1,0,1,-1,1,-1,2,0,0,0,0,2330,0.4,2167,34,16
0,3,0,1,2,-2,-2,0,0,0,0,3089,0.4,1750,69,4
1,24,1,-1,1,-1,0,0,0,0,0,540,0.4,867,11,-11
1,29,0,1,1,-1,1,0,-1,1,0,508,-0.6,-1704,-18,-19
0,128,3,1,3,-3,6,1,1,0,0,625,0.2,-1035,-15,-34
1,23,2,1,3,-3,4,1,1,0,0,2481,0.4,1962,24,8
1,-4,2,1,5,-5,4,1,1,0,0,2796,0.6,2669,6,-1
1,3,4,-1,5,-5,3,1,1,0,0,2089,0.4,2123,-8,5
1,-27,-5,1,-1,1,-2,1,1,0,0,-608,0,-703,-20,15
0,-2,-1,1,-2,2,-5,0,0,0,0,-1923,-0.4,-1753,-12,-16
0,-30,-3,-1,0,0,0,-1,-1,0,0,-951,-0.2,-546,3,-12
1,0,-1,1,2,-2,2,1,1,0,0,1428,0.2,701,42,-19
0,4,0,1,3,-3,4,0,1,-1,0,1131,0.2,1145,-35,4
0,28,1,-1,-3,3,-11,1,0,1,0,-1972,-0.2,-1010,-35,13
0,-22,-1,1,-2,2,-6,-1,-1,0,0,-2242,-0.2,-1819,-58,18
1,0,1,1,3,-3,7,0,1,-1,0,2287,-0.4,-268,35,-20
0,5,-1,-1,3,-3,4,-1,0,-1,0,1367,0.6,2396,39,8
1,-5,4,1,4,-4,4,2,1,1,0,2580,0.6,2954,45,0
0,81,1,-1,4,-4,12,1,1,0,0,786,-0.4,-562,-46,-8
1,-19,-1,1,-1,1,-5,2,1,1,0,152,0,-57,2,36
1,-25,3,1,4,-4,6,-1,-1,0,0,2802,0.4,281,13,-12
0,1,-2,-1,-1,1,1,-1,-1,0,0,-1610,-0.4,-1393,-15,-12
1,-4,-1,-1,4,-4,1,-1,-1,0,0,1543,0,-21,27,-4
1,1,0,-1,4,-4,3,0,0,0,0,1915,0.2,2606,4,1
1,0,4,-1,1,-1,6,1,1,0,0,-595,0,364,-26,1
0,0,0,1,-1,1,1,0,0,0,0,-1190,0,-911,-17,-13
1,-1,-4,1,4,-4,1,0,-1,1,0,1820,0,806,13,-12
0,-1,0,-1,-3,3,-3,2,1,1,0,-2630,-0.4,-2244,-37,1
1,-3,-6,-1,0,0,0,-1,-1,0,0,-1327,-0.2,-789,-23,-20
1,2,3,-1,4,-4,7,-1,0,-1,0,1417,0.4,1016,-14,-12
0,0,-2,1,0,0,-3,1,1,0,0,71,0,409,13,12
1,-5,0,-1,1,-1,-2,-1,-1,0,0,17,0.4,1052,-8,9
0,3,0,1,1,-1,3,2,1,1,0,151,0,840,0,-8
1,-1,1,1,7,-7,6,0,1,-1,0,4817,0.6,3220,41,12
0,1,-3,-1,-5,5,-6,-1,-1,0,0,-3400,-0.6,-2763,-38,-22
0,-17,-2,1,-2,2,-10,-1,-1,0,0,-944,0,-556,26,-8
0,3,-1,-1,-4,4,0,0,1,-1,-1,-2839,-0.4,18,-25,-5
1,-48,0,1,3,-3,4,1,1,0,0,818,0,-165,46,-7
0,-21,-1,-1,-7,7,-4,-2,-1,-1,-1,-6286,-1.4,-4733,-93,-9
0,9,-2,-1,-7,7,-7,-1,-1,0,0,-3799,-0.6,-3285,-26,-4
1,-1,2,-1,6,-6,2,2,1,1,1,4428,0.6,3489,22,6
1,33,6,1,8,-8,8,-1,-1,0,0,4388,0.6,3527,28,-1
0,-4,1,-1,-4,4,-6,1,1,0,0,-3045,-0.6,-1634,-36,7
0,-1,0,-1,-2,2,-6,-1,0,-1,0,-1497,-0.2,-778,3,4
0,34,-2,-1,-1,1,2,1,1,0,0,-1696,-0.6,-2153,-11,-3
1,25,-4,-1,1,-1,4,-1,0,-1,0,733,-0.2,-1480,-60,8
1,-1,4,1,-1,1,1,1,1,0,0,-606,-0.2,-1487,3,0
0,19,0,-1,-2,2,-2,-1,0,-1,0,-2420,0,-753,-15,-14
0,-8,3,-1,-5,5,-9,-1,-1,0,0,-2037,0,110,14,12
1,-5,0,-1,0,0,-2,-1,-1,0,0,631,0.2,1404,14,5
0,-7,0,-1,0,0,-3,0,-1,1,0,-1570,-0.4,-2103,-19,-28
1,2,1,-1,0,0,2,1,1,0,0,-471,0.6,870,-28,17
1,-2,0,-1,-1,1,-1,0,0,0,0,-1211,0.2,-108,4,-19
1,3,-2,1,5,-5,2,0,-1,1,0,2740,0.2,1708,32,-22
1,-19,11,-1,2,-2,1,1,0,1,0,1947,0.4,2521,-6,16
1,-13,2,1,7,-7,7,0,0,0,0,4712,1,3798,63,-1
0,-4,4,1,1,-1,3,1,1,0,0,1115,0,1256,15,-8
1,22,1,-1,-1,1,0,0,0,0,0,-833,-0.2,-116,-63,23
1,135,-1,-1,4,-4,2,-1,-1,0,0,564,0.4,633,-6,-25
0,26,-2,1,0,0,3,1,0,1,-1,-589,0.2,1794,-40,32
1,5,4,1,5,-5,0,0,0,0,0,3020,0.4,2593,38,-8
1,-3,0,1,1,-1,0,0,1,-1,0,-1339,-0.8,-2802,-20,-35
0,5,-1,1,6,-6,14,0,1,-1,0,1487,0.4,577,-46,-20
1,-1,2,1,2,-2,4,2,1,1,0,579,0,-37,-29,-9